solutions,obj1values,obj2values
0.4302062498385176,0.7071067828400346,0.12254886537629006
0.6852111110633684,0.7071257489709519,0.026602060166495724
0.6367126976999731,0.7076705897494591,0.02465742142999652
0.6369390878566907,0.7077049205962588,0.02461672681405316
0.6535962413899977,0.7071570222507682,0.025539721392719688
0.6364249289377001,0.709220470276757,0.02442624447832138
0.6384903504649486,0.7071068539033327,0.026842601344306636
